,2022,2023,2024
0,ADPT UW Equity,NEM UN Equity,NEM UN Equity
1,COMM UW Equity,MCO UN Equity,MCO UN Equity
2,NEM UN Equity,MET UN Equity,MET UN Equity
3,MCO UN Equity,WPC UN Equity,WPC UN Equity
4,MET UN Equity,BJ UN Equity,BJ UN Equity
5,WPC UN Equity,2297249D UW Equity,MTB UN Equity
6,2297249D UW Equity,MTB UN Equity,PLD UN Equity
7,MTB UN Equity,PLD UN Equity,ROP UW Equity
8,PLD UN Equity,SCHW UN Equity,SCHW UN Equity
9,SCHW UN Equity,NTRS UW Equity,LSXMK UW Equity
10,NTRS UW Equity,TMO UN Equity,NTRS UW Equity
11,TMO UN Equity,L UN Equity,TMO UN Equity
12,L UN Equity,CTLT UN Equity,L UN Equity
13,CTLT UN Equity,IPGP UW Equity,CTLT UN Equity
14,IPGP UW Equity,MTN UN Equity,IPGP UW Equity
15,MTN UN Equity,LSI UN Equity,MTN UN Equity
16,LSI UN Equity,QRVO UW Equity,CELH UR Equity
17,QRVO UW Equity,NVCR UW Equity,QRVO UW Equity
18,NVCR UW Equity,O UN Equity,NVCR UW Equity
19,O UN Equity,PARAA UW Equity,O UN Equity
20,PARAA UW Equity,LBRDK UW Equity,PARAA UW Equity
21,LBRDK UW Equity,HAL UN Equity,LBRDK UW Equity
22,HAL UN Equity,KIM UN Equity,HAL UN Equity
23,KIM UN Equity,BEN UN Equity,KIM UN Equity
24,BEN UN Equity,WYNN UW Equity,BEN UN Equity
25,WYNN UW Equity,GWRE UN Equity,WYNN UW Equity
26,GWRE UN Equity,FIVE UW Equity,GWRE UN Equity
27,FIVE UW Equity,VIRT UW Equity,FIVE UW Equity
28,VIRT UW Equity,HTZ UW Equity,VIRT UW Equity
29,1950546D US Equity,ZTS UN Equity,HTZ UW Equity
30,ZTS UN Equity,EOG UN Equity,ZTS UN Equity
31,EOG UN Equity,KMX UN Equity,EOG UN Equity
32,KMX UN Equity,BLDR UN Equity,KMX UN Equity
33,BLDR UN Equity,PEN UN Equity,BLDR UN Equity
34,PEN UN Equity,PDCE UW Equity,PEN UN Equity
35,9980328D UN Equity,9980328D UN Equity,9980328D UN Equity
36,JKHY UW Equity,JKHY UW Equity,EXPD UN Equity
37,PCTY UW Equity,PCTY UW Equity,JKHY UW Equity
38,IAC UW Equity,IAC UW Equity,PCTY UW Equity
39,SKX UN Equity,SKX UN Equity,IAC UW Equity
40,NATI UW Equity,NATI UW Equity,SKX UN Equity
41,XLNX UW Equity,ATO UN Equity,ATO UN Equity
42,ATO UN Equity,TWLO UN Equity,TWLO UN Equity
43,TWLO UN Equity,VTR UN Equity,VTR UN Equity
44,VTR UN Equity,DEI UN Equity,FOX UW Equity
45,DEI UN Equity,FOX UW Equity,MHK UN Equity
46,FOX UW Equity,MHK UN Equity,RBC UN Equity
47,MHK UN Equity,AGL UN Equity,AGL UN Equity
48,AGL UN Equity,MSFT UW Equity,MSFT UW Equity
49,MSFT UW Equity,CRM UN Equity,CRM UN Equity
50,CRM UN Equity,KDP UW Equity,KDP UW Equity
51,KDP UW Equity,TFC UN Equity,TFC UN Equity
52,TFC UN Equity,UPS UN Equity,UPS UN Equity
53,STL UN Equity,WMT UN Equity,WMT UN Equity
54,UPS UN Equity,FND UN Equity,FND UN Equity
55,WMT UN Equity,HUBB UN Equity,HUBB UN Equity
56,FND UN Equity,VRSK UW Equity,VRSK UW Equity
57,HUBB UN Equity,VST UN Equity,VST UN Equity
58,VRSK UW Equity,WMS UN Equity,WMS UN Equity
59,VST UN Equity,KMB UN Equity,KMB UN Equity
60,WMS UN Equity,AFRM UW Equity,AFRM UW Equity
61,KMB UN Equity,WLK UN Equity,WLK UN Equity
62,TWTR UN Equity,CHTR UW Equity,CHTR UW Equity
63,NUAN UW Equity,WST UN Equity,WST UN Equity
64,WLK UN Equity,CG UW Equity,CG UW Equity
65,CHTR UW Equity,HLT UN Equity,HLT UN Equity
66,WST UN Equity,H UN Equity,H UN Equity
67,CG UW Equity,MRVI UW Equity,MRVI UW Equity
68,HLT UN Equity,TJX UN Equity,TJX UN Equity
69,H UN Equity,RPM UN Equity,RPM UN Equity
70,MRVI UW Equity,JNPR UN Equity,JNPR UN Equity
71,TJX UN Equity,DCI UN Equity,DCI UN Equity
72,RPM UN Equity,AMED UW Equity,AMED UW Equity
73,JNPR UN Equity,TREX UN Equity,TREX UN Equity
74,DCI UN Equity,ABT UN Equity,ABT UN Equity
75,EVRG UN Equity,GRMN UN Equity,GRMN UN Equity
76,AMED UW Equity,DOX UW Equity,DOX UW Equity
77,TREX UN Equity,NNN UN Equity,NNN UN Equity
78,ABT UN Equity,BSY UW Equity,BSY UW Equity
79,GRMN UN Equity,ADBE UW Equity,ADBE UW Equity
80,DOX UW Equity,BALL UN Equity,BALL UN Equity
81,NNN UN Equity,NVST UN Equity,NVST UN Equity
82,BSY UW Equity,PNFP UW Equity,PNFP UW Equity
83,ADBE UW Equity,HIW UN Equity,HIW UN Equity
84,BALL UN Equity,POOL UW Equity,POOL UW Equity
85,NVST UN Equity,MDB UQ Equity,MDB UQ Equity
86,PNFP UW Equity,CACI UN Equity,CACI UN Equity
87,HIW UN Equity,ON UW Equity,ON UW Equity
88,POOL UW Equity,COP UN Equity,COP UN Equity
89,MDB UQ Equity,EPAM UN Equity,EPAM UN Equity
90,CACI UN Equity,NEWR UN Equity,PEP UW Equity
91,ON UW Equity,CHD UN Equity,CHD UN Equity
92,COP UN Equity,PEP UW Equity,FWONK UW Equity
93,EPAM UN Equity,RITM UN Equity,RITM UN Equity
94,NEWR UN Equity,S UN Equity,S UN Equity
95,CHD UN Equity,DOCU UW Equity,DOCU UW Equity
96,PEP UW Equity,AR UN Equity,AR UN Equity
97,RITM UN Equity,CRWD UW Equity,CRWD UW Equity
98,DOCU UW Equity,AEP UW Equity,AEP UW Equity
99,CRWD UW Equity,KSS UN Equity,KSS UN Equity
100,AEP UW Equity,AFG UN Equity,AFG UN Equity
101,KSS UN Equity,CAR UW Equity,CAR UW Equity
102,AFG UN Equity,OSK UN Equity,OSK UN Equity
103,OSK UN Equity,NWS UW Equity,NWS UW Equity
104,PTON UW Equity,LAD UN Equity,LAD UN Equity
105,NWS UW Equity,PTON UW Equity,PTON UW Equity
106,LAD UN Equity,TGT UN Equity,TGT UN Equity
107,TGT UN Equity,HBI UN Equity,IP UN Equity
108,WBS UN Equity,IP UN Equity,MOH UN Equity
109,HBI UN Equity,MOH UN Equity,WBS UN Equity
110,IP UN Equity,WBS UN Equity,APLS UW Equity
111,MOH UN Equity,CBOE UF Equity,RCM UW Equity
112,9990253D UN Equity,CB UN Equity,CBOE UF Equity
113,CB UN Equity,QDEL UW Equity,CB UN Equity
114,CBOE UF Equity,VZ UN Equity,QDEL UW Equity
115,MCFE UW Equity,MKL UN Equity,VZ UN Equity
116,VZ UN Equity,HXL UN Equity,MKL UN Equity
117,MKL UN Equity,KEX UN Equity,HXL UN Equity
118,HXL UN Equity,ESAB UN Equity,KEX UN Equity
119,9990235D UW Equity,HWM UN Equity,ESAB UN Equity
120,KEX UN Equity,FE UN Equity,HWM UN Equity
121,NFE UW Equity,AIRC UN Equity,FE UN Equity
122,HWM UN Equity,CMG UN Equity,AIRC UN Equity
123,FE UN Equity,ERIE UW Equity,CMG UN Equity
124,AIRC UN Equity,LECO UW Equity,LECO UW Equity
125,CMG UN Equity,NFE UW Equity,NFE UW Equity
126,ERIE UW Equity,AAPL UW Equity,ORI UN Equity
127,LECO UW Equity,MRNA UW Equity,AAPL UW Equity
128,ORI UN Equity,ORI UN Equity,MRNA UW Equity
129,AAPL UW Equity,ST UN Equity,TSCO UW Equity
130,MRNA UW Equity,WSM UN Equity,ST UN Equity
131,TSCO UW Equity,ZBH UN Equity,WSM UN Equity
132,ST UN Equity,CINF UW Equity,ZBH UN Equity
133,WSM UN Equity,SO UN Equity,CINF UW Equity
134,ZBH UN Equity,AM UN Equity,SO UN Equity
135,CINF UW Equity,LVS UN Equity,AM UN Equity
136,SO UN Equity,SNV UN Equity,LVS UN Equity
137,AM UN Equity,AIZ UN Equity,SNV UN Equity
138,LVS UN Equity,JLL UN Equity,AIZ UN Equity
139,SNV UN Equity,EVR UN Equity,JLL UN Equity
140,AIZ UN Equity,RNG UN Equity,EVR UN Equity
141,JLL UN Equity,VYX UN Equity,RNG UN Equity
142,EVR UN Equity,EHC UN Equity,VYX UN Equity
143,RNG UN Equity,FNB UN Equity,EHC UN Equity
144,VYX UN Equity,PFG UW Equity,FNB UN Equity
145,EHC UN Equity,BG UN Equity,MUSA UN Equity
146,FNB UN Equity,IAA UN Equity,BG UN Equity
147,PFG UW Equity,ARE UN Equity,PFG UW Equity
148,BG UN Equity,RBLX UN Equity,ARE UN Equity
149,ATH US Equity,FHB UW Equity,RBLX UN Equity
150,IAA UN Equity,OTIS UN Equity,FHB UW Equity
151,ARE UN Equity,RKT UN Equity,OTIS UN Equity
152,FHB UW Equity,TSCO UW Equity,RKT UN Equity
153,OTIS UN Equity,SSNC UW Equity,SSNC UW Equity
154,RKT UN Equity,AYX UN Equity,AYX UN Equity
155,SSNC UW Equity,GOOGL UW Equity,GOOGL UW Equity
156,AYX UN Equity,2297268D UW Equity,OHI UN Equity
157,2061517D UW Equity,AMC UN Equity,AMC UN Equity
158,2297268D UW Equity,ALSN UN Equity,ALSN UN Equity
159,GOOGL UW Equity,OHI UN Equity,UI UN Equity
160,ALSN UN Equity,UI UN Equity,MGM UN Equity
161,OHI UN Equity,MGM UN Equity,FCNCA UW Equity
162,UI UN Equity,FCNCA UW Equity,IONS UW Equity
163,MGM UN Equity,IONS UW Equity,KNX UN Equity
164,FCNCA UW Equity,KNX UN Equity,ZION UW Equity
165,SPCE UN Equity,ZION UW Equity,OLED UW Equity
166,IONS UW Equity,OLED UW Equity,VSTS UN Equity
167,KNX UN Equity,TT UN Equity,TT UN Equity
168,ZION UW Equity,FOXA UW Equity,FOXA UW Equity
169,LZ UW Equity,TROW UW Equity,TROW UW Equity
170,OLED UW Equity,CDNS UW Equity,CDNS UW Equity
171,TT UN Equity,CVNA UN Equity,CMS UN Equity
172,FOXA UW Equity,CMS UN Equity,CPB UN Equity
173,TROW UW Equity,CPB UN Equity,RJF UN Equity
174,CDNS UW Equity,RJF UN Equity,CACC UW Equity
175,CVNA UN Equity,CACC UW Equity,MTD UN Equity
176,CMS UN Equity,MTD UN Equity,OLPX UW Equity
177,CPB UN Equity,OLPX UW Equity,CNA UN Equity
178,RJF UN Equity,CNA UN Equity,OXY UN Equity
179,CACC UW Equity,OXY UN Equity,RS UN Equity
180,MTD UN Equity,RS UN Equity,FOUR UN Equity
181,OLPX UW Equity,FOUR UN Equity,WH UN Equity
182,CNA UN Equity,WH UN Equity,LEG UN Equity
183,OXY UN Equity,LEG UN Equity,TYL UN Equity
184,RS UN Equity,TYL UN Equity,WSO UN Equity
185,FOUR UN Equity,WSO UN Equity,ACI UN Equity
186,WH UN Equity,ACI UN Equity,AGCO UN Equity
187,LEG UN Equity,AGCO UN Equity,FFIV UW Equity
188,TYL UN Equity,FFIV UW Equity,SMG UN Equity
189,WSO UN Equity,SMG UN Equity,NTAP UW Equity
190,ACI UN Equity,NTAP UW Equity,MRO UN Equity
191,AGCO UN Equity,MRO UN Equity,ORLY UW Equity
192,FFIV UW Equity,ORLY UW Equity,COHR UN Equity
193,SMG UN Equity,FANG UW Equity,FANG UW Equity
194,NTAP UW Equity,LIN UN Equity,REGN UW Equity
195,MRO UN Equity,REGN UW Equity,CSGP UW Equity
196,ORLY UW Equity,CSGP UW Equity,NBIX UW Equity
197,FANG UW Equity,NBIX UW Equity,RLI UN Equity
198,REGN UW Equity,AXON UW Equity,AXON UW Equity
199,CSGP UW Equity,JWN UN Equity,JWN UN Equity
200,STNE UW Equity,FBIN UN Equity,FBIN UN Equity
201,NBIX UW Equity,ALLE UN Equity,ALLE UN Equity
202,AXON UW Equity,EXC UW Equity,EXC UW Equity
203,JWN UN Equity,JBHT UW Equity,JBHT UW Equity
204,FBIN UN Equity,AVB UN Equity,AVB UN Equity
205,ALLE UN Equity,LNT UW Equity,LNT UW Equity
206,EXC UW Equity,IQV UN Equity,IQV UN Equity
207,JBHT UW Equity,SNA UN Equity,SNA UN Equity
208,AVB UN Equity,CPT UN Equity,CPT UN Equity
209,LNT UW Equity,YUM UN Equity,YUM UN Equity
210,IQV UN Equity,BKNG UW Equity,BKNG UW Equity
211,SNA UN Equity,XEL UW Equity,XEL UW Equity
212,CPT UN Equity,ADP UW Equity,ADP UW Equity
213,YUM UN Equity,ODFL UW Equity,VICI UN Equity
214,BKNG UW Equity,MCK UN Equity,ODFL UW Equity
215,XEL UW Equity,RYN UN Equity,MCK UN Equity
216,ADP UW Equity,CFLT UW Equity,RYN UN Equity
217,ODFL UW Equity,BDX UN Equity,CFLT UW Equity
218,MCK UN Equity,CNP UN Equity,BDX UN Equity
219,RYN UN Equity,JBLU UW Equity,CNP UN Equity
220,BDX UN Equity,KRC UN Equity,STAG UN Equity
221,CNP UN Equity,LFUS UW Equity,KRC UN Equity
222,JBLU UW Equity,COTY UN Equity,LFUS UW Equity
223,KRC UN Equity,JAZZ UW Equity,COTY UN Equity
224,LFUS UW Equity,EBAY UW Equity,JAZZ UW Equity
225,COTY UN Equity,ASH UN Equity,EBAY UW Equity
226,JAZZ UW Equity,MNST UW Equity,ASH UN Equity
227,EBAY UW Equity,DKNG UW Equity,MNST UW Equity
228,ASH UN Equity,KD UN Equity,DKNG UW Equity
229,IOVA UQ Equity,BOH UN Equity,KD UN Equity
230,MNST UW Equity,ALGN UW Equity,ALGN UW Equity
231,KD UN Equity,ATVI UW Equity,PNC UN Equity
232,EVBG UQ Equity,PNC UN Equity,ILMN UW Equity
233,BOH UN Equity,ILMN UW Equity,CCI UN Equity
234,ALGN UW Equity,CCI UN Equity,CHDN UW Equity
235,ATVI UW Equity,CHDN UW Equity,DXCM UW Equity
236,PNC UN Equity,DXCM UW Equity,BEPC UN Equity
237,ILMN UW Equity,BEPC UN Equity,DAR UN Equity
238,CCI UN Equity,DAR UN Equity,HII UN Equity
239,NABL UN Equity,HII UN Equity,WY UN Equity
240,CHDN UW Equity,WY UN Equity,BR UN Equity
241,DXCM UW Equity,BR UN Equity,NOC UN Equity
242,BEPC UN Equity,NOC UN Equity,TXRH UW Equity
243,DAR UN Equity,CRUS UW Equity,CRUS UW Equity
244,MSP UN Equity,AVTR UN Equity,AVTR UN Equity
245,HII UN Equity,WELL UN Equity,WELL UN Equity
246,WY UN Equity,BMY UN Equity,BMY UN Equity
247,BR UN Equity,EXP UN Equity,EXP UN Equity
248,NOC UN Equity,BKR UW Equity,BKR UW Equity
249,CRUS UW Equity,BRK/B UN Equity,BRK/B UN Equity
250,AVTR UN Equity,RSG UN Equity,RSG UN Equity
251,WELL UN Equity,NXST UW Equity,NXST UW Equity
252,BMY UN Equity,D UN Equity,EMN UN Equity
253,QVCGA UW Equity,EMN UN Equity,D UN Equity
254,EXP UN Equity,SHC UW Equity,SHC UW Equity
255,BKR UW Equity,EEFT UW Equity,EEFT UW Equity
256,BRK/B UN Equity,DLTR UW Equity,DLTR UW Equity
257,RSG UN Equity,AYI UN Equity,AYI UN Equity
258,NXST UW Equity,2297264D UW Equity,CZR UW Equity
259,D UN Equity,AAP UN Equity,AAP UN Equity
260,EMN UN Equity,CZR UW Equity,LAZ UN Equity
261,SHC UW Equity,LAZ UN Equity,PCG UN Equity
262,AYI UN Equity,PCG UN Equity,IPG UN Equity
263,DLTR UW Equity,IPG UN Equity,FLS UN Equity
264,EEFT UW Equity,FLS UN Equity,HON UW Equity
265,2297264D UW Equity,HON UW Equity,KNSL UN Equity
266,AAP UN Equity,MCW UN Equity,CL UN Equity
267,CZR UW Equity,CL UN Equity,MCW UN Equity
268,LAZ UN Equity,SYK UN Equity,SYK UN Equity
269,PCG UN Equity,SNOW UN Equity,SNOW UN Equity
270,IPG UN Equity,FG UN Equity,LDOS UN Equity
271,FLS UN Equity,LDOS UN Equity,PRI UN Equity
272,HON UW Equity,PRI UN Equity,FIVN UQ Equity
273,MCW UN Equity,FIVN UQ Equity,DG UN Equity
274,CL UN Equity,DG UN Equity,SPR UN Equity
275,SYK UN Equity,SPR UN Equity,HAYW UN Equity
276,SNOW UN Equity,HAYW UN Equity,BILL UN Equity
277,LDOS UN Equity,BILL UN Equity,KVUE UN Equity
278,PRI UN Equity,JBGS UN Equity,MTCH UW Equity
279,FIVN UQ Equity,MTCH UW Equity,GIS UN Equity
280,DG UN Equity,GIS UN Equity,ROST UW Equity
281,SWCH UN Equity,ROST UW Equity,PARA UW Equity
282,SPR UN Equity,PARA UW Equity,DASH UW Equity
283,HAYW UN Equity,RL UN Equity,RL UN Equity
284,BILL UN Equity,WEWKQ UN Equity,APO UN Equity
285,JBGS UN Equity,APO UN Equity,EWBC UW Equity
286,MTCH UW Equity,EWBC UW Equity,PSA UN Equity
287,GIS UN Equity,PSA UN Equity,DOW UN Equity
288,ROST UW Equity,DOW UN Equity,META UW Equity
289,PARA UW Equity,META UW Equity,OC UN Equity
290,NKTR UW Equity,OC UN Equity,TFSL UW Equity
291,RL UN Equity,TFSL UW Equity,UGI UN Equity
292,EWBC UW Equity,UGI UN Equity,DOCS UN Equity
293,PSA UN Equity,DOCS UN Equity,TRIP UW Equity
294,DOW UN Equity,TRIP UW Equity,PM UN Equity
295,META UW Equity,PM UN Equity,ETSY UW Equity
296,OC UN Equity,2505298D UW Equity,VRT UN Equity
297,TFSL UW Equity,ETSY UW Equity,TNDM UQ Equity
298,UGI UN Equity,TWKS UW Equity,IART UW Equity
299,TRIP UW Equity,VRT UN Equity,UA UN Equity
300,PM UN Equity,TNDM UQ Equity,LRCX UW Equity
301,2505298D UW Equity,IART UW Equity,HE UN Equity
302,ETSY UW Equity,UA UN Equity,THG UN Equity
303,TWKS UW Equity,LRCX UW Equity,ALGM UW Equity
304,VRT UN Equity,HE UN Equity,TDC UN Equity
305,9990822D US Equity,THG UN Equity,GNTX UW Equity
306,TNDM UQ Equity,ALGM UW Equity,DHI UN Equity
307,IART UW Equity,PACW UW Equity,DTE UN Equity
308,UA UN Equity,GNTX UW Equity,GPC UN Equity
309,LRCX UW Equity,TDC UN Equity,POST UN Equity
310,HE UN Equity,DHI UN Equity,SEB UA Equity
311,THG UN Equity,DTE UN Equity,EL UN Equity
312,ALGM UW Equity,GPC UN Equity,LEN/B UN Equity
313,PACW UW Equity,POST UN Equity,HUBS UN Equity
314,GNTX UW Equity,SEB UA Equity,DNB UN Equity
315,TDC UN Equity,EL UN Equity,JPM UN Equity
316,DHI UN Equity,LEN/B UN Equity,PCOR UN Equity
317,DTE UN Equity,HUBS UN Equity,WBD UW Equity
318,GPC UN Equity,DNB UN Equity,MEDP UW Equity
319,POST UN Equity,JPM UN Equity,CPRI UN Equity
320,SEB UA Equity,PCOR UN Equity,ELV UN Equity
321,EL UN Equity,SGEN UW Equity,MCHP UW Equity
322,LEN/B UN Equity,WBD UW Equity,RRC UN Equity
323,HUBS UN Equity,CPRI UN Equity,TSN UN Equity
324,DNB UN Equity,ELV UN Equity,SEE UN Equity
325,JPM UN Equity,MCHP UW Equity,AXTA UN Equity
326,PCOR UN Equity,RRC UN Equity,OKE UN Equity
327,SGEN UW Equity,TSN UN Equity,GPK UN Equity
328,Y UN Equity,SEE UN Equity,AMT UN Equity
329,CPRI UN Equity,AXTA UN Equity,LLYVA UW Equity
330,ELV UN Equity,OKE UN Equity,MP UN Equity
331,MCHP UW Equity,BKI UN Equity,ADSK UW Equity
332,TSN UN Equity,GPK UN Equity,SAIA UW Equity
333,SEE UN Equity,AMT UN Equity,UWMC UN Equity
334,AXTA UN Equity,MP UN Equity,CHE UN Equity
335,OKE UN Equity,ADSK UW Equity,AES UN Equity
336,BKI UN Equity,UWMC UN Equity,NWSA UW Equity
337,GPK UN Equity,CHE UN Equity,RHI UN Equity
338,AMT UN Equity,AES UN Equity,AA UN Equity
339,ADSK UW Equity,NWSA UW Equity,AME UN Equity
340,UWMC UN Equity,RHI UN Equity,C UN Equity
341,CHE UN Equity,AA UN Equity,HUM UN Equity
342,AES UN Equity,AME UN Equity,RARE UW Equity
343,NWSA UW Equity,C UN Equity,TEAM UW Equity
344,RHI UN Equity,HUM UN Equity,WM UN Equity
345,AA UN Equity,RARE UW Equity,ABBV UN Equity
346,AME UN Equity,TEAM UW Equity,GMED UN Equity
347,C UN Equity,WM UN Equity,TOL UN Equity
348,HUM UN Equity,ABBV UN Equity,EFX UN Equity
349,RARE UW Equity,GMED UN Equity,ROL UN Equity
350,TEAM UW Equity,TOL UN Equity,EG UN Equity
351,WM UN Equity,EFX UN Equity,DPZ UN Equity
352,ABBV UN Equity,QGEN UN Equity,QCOM UW Equity
353,GMED UN Equity,ROL UN Equity,ADM UN Equity
354,TOL UN Equity,EG UN Equity,CE UN Equity
355,EFX UN Equity,DPZ UN Equity,NLOP UN Equity
356,QGEN UN Equity,QCOM UW Equity,IEX UN Equity
357,ROL UN Equity,ADM UN Equity,INVH UN Equity
358,DPZ UN Equity,CE UN Equity,TPL UN Equity
359,EG UN Equity,IEX UN Equity,DXC UN Equity
360,QCOM UW Equity,INVH UN Equity,JCI UN Equity
361,ZEN UN Equity,SIX UN Equity,KEY UN Equity
362,ADM UN Equity,DXC UN Equity,COLD UN Equity
363,CE UN Equity,JCI UN Equity,WHR UN Equity
364,IEX UN Equity,TPL UN Equity,AMGN UW Equity
365,FSLY UN Equity,KEY UN Equity,AON UN Equity
366,INVH UN Equity,COLD UN Equity,CTRA UN Equity
367,DXC UN Equity,WHR UN Equity,ICLR UW Equity
368,JCI UN Equity,AMGN UW Equity,LNG UA Equity
369,HLF UN Equity,AON UN Equity,MSM UN Equity
370,SIX UN Equity,CTRA UN Equity,FTNT UW Equity
371,TPL UN Equity,LNG UA Equity,PCAR UW Equity
372,KEY UN Equity,MSM UN Equity,LMT UN Equity
373,COLD UN Equity,PCAR UW Equity,BBWI UN Equity
374,WHR UN Equity,FTNT UW Equity,JNJ UN Equity
375,AMGN UW Equity,LMT UN Equity,GTM UW Equity
376,AON UN Equity,BBWI UN Equity,NTNX UW Equity
377,CTRA UN Equity,JNJ UN Equity,AL UN Equity
378,DCT UW Equity,GTM UW Equity,DKS UN Equity
379,LNG UA Equity,NTNX UW Equity,HBAN UW Equity
380,MSM UN Equity,AL UN Equity,MU UW Equity
381,FTNT UW Equity,DKS UN Equity,RRX UN Equity
382,PCAR UW Equity,HBAN UW Equity,LIN UW Equity
383,LMT UN Equity,MU UW Equity,NCNO UW Equity
384,BBWI UN Equity,RRX UN Equity,PWR UN Equity
385,JNJ UN Equity,NCNO UW Equity,CLH UN Equity
386,NTNX UW Equity,PWR UN Equity,DLR UN Equity
387,LMND UN Equity,CLH UN Equity,FWONA UW Equity
388,MNDT UW Equity,DLR UN Equity,U UN Equity
389,AL UN Equity,U UN Equity,NLY UN Equity
390,DKS UN Equity,SGFY UN Equity,MCD UN Equity
391,HBAN UW Equity,NLY UN Equity,AVT UW Equity
392,MU UW Equity,MCD UN Equity,HOLX UW Equity
393,RRX UN Equity,AVT UW Equity,NVDA UW Equity
394,PWR UN Equity,HOLX UW Equity,COLM UW Equity
395,CLH UN Equity,NVDA UW Equity,COST UW Equity
396,DLR UN Equity,COLM UW Equity,FAF UN Equity
397,U UN Equity,COST UW Equity,CSCO UW Equity
398,FTDR UW Equity,FAF UN Equity,LEA UN Equity
399,SGFY UN Equity,CSCO UW Equity,CMI UN Equity
400,NLY UN Equity,LEA UN Equity,NVT UN Equity
401,MCD UN Equity,CMI UN Equity,RNR UN Equity
402,AVT UW Equity,NVT UN Equity,RGEN UW Equity
403,HOLX UW Equity,RNR UN Equity,V UN Equity
404,NVDA UW Equity,RGEN UW Equity,WDC UW Equity
405,COLM UW Equity,V UN Equity,REYN UW Equity
406,COST UW Equity,WDC UW Equity,GAP UN Equity
407,FAF UN Equity,REYN UW Equity,CABO UN Equity
408,CSCO UW Equity,GAP UN Equity,MORN UW Equity
409,CHGG UN Equity,CABO UN Equity,CNXC UW Equity
410,CMI UN Equity,MORN UW Equity,HHH UN Equity
411,LEA UN Equity,CNXC UW Equity,MMM UN Equity
412,NVT UN Equity,HHH UN Equity,DGX UN Equity
413,RGEN UW Equity,MMM UN Equity,SNX UN Equity
414,RNR UN Equity,DGX UN Equity,BYD UN Equity
415,V UN Equity,SNX UN Equity,HEI UN Equity
416,WDC UW Equity,BYD UN Equity,TRU UN Equity
417,REYN UW Equity,HEI UN Equity,GWW UN Equity
418,GAP UN Equity,TRU UN Equity,COIN UW Equity
419,CABO UN Equity,GWW UN Equity,COR UN Equity
420,MORN UW Equity,COIN UW Equity,LCID UW Equity
421,CNXC UW Equity,COR UN Equity,DDOG UW Equity
422,HHH UN Equity,LCID UW Equity,MRK UN Equity
423,MMM UN Equity,DDOG UW Equity,CHH UN Equity
424,DGX UN Equity,SIVBQ UW Equity,CLF UN Equity
425,SNX UN Equity,MRK UN Equity,STLD UW Equity
426,BYD UN Equity,LUMN UN Equity,CNH UN Equity
427,HEI UN Equity,CHH UN Equity,OZK UW Equity
428,TRU UN Equity,CLF UN Equity,UNM UN Equity
429,GWW UN Equity,STLD UW Equity,DINO UN Equity
430,COR UN Equity,OZK UW Equity,CBSH UW Equity
431,SIVBQ UW Equity,UNM UN Equity,ENPH UQ Equity
432,DDOG UW Equity,DINO UN Equity,ITW UN Equity
433,MRK UN Equity,CBSH UW Equity,REXR UN Equity
434,LUMN UN Equity,ENPH UQ Equity,TTEK UW Equity
435,CHH UN Equity,ITW UN Equity,DBX UW Equity
436,CLF UN Equity,REXR UN Equity,WAB UN Equity
437,STLD UW Equity,TTEK UW Equity,CTAS UW Equity
438,OZK UW Equity,DBX UW Equity,LNC UN Equity
439,UNM UN Equity,WAB UN Equity,OVV UN Equity
440,CBSH UW Equity,CTAS UW Equity,VFC UN Equity
441,ENPH UQ Equity,LNC UN Equity,ANSS UW Equity
442,CVAC UQ Equity,OVV UN Equity,AVGO UW Equity
443,ITW UN Equity,VFC UN Equity,HAS UW Equity
444,REXR UN Equity,ANSS UW Equity,MAA UN Equity
445,9990213D UN Equity,AVGO UW Equity,EQH UN Equity
446,DBX UW Equity,HAS UW Equity,VMI UN Equity
447,WAB UN Equity,MAA UN Equity,LYB UN Equity
448,CTAS UW Equity,EQH UN Equity,ES UN Equity
449,LNC UN Equity,VMI UN Equity,LYFT UW Equity
450,VFC UN Equity,LYB UN Equity,CNC UN Equity
451,ANSS UW Equity,ES UN Equity,CC UN Equity
452,AVGO UW Equity,LYFT UW Equity,DAY UN Equity
453,HAS UW Equity,CNC UN Equity,FYBR UW Equity
454,MAA UN Equity,CC UN Equity,CRBG UN Equity
455,EQH UN Equity,DAY UN Equity,OLLI UQ Equity
456,YUMC UN Equity,FYBR UW Equity,LII UN Equity
457,9990527D UW Equity,CRBG UN Equity,ACHC UW Equity
458,VMI UN Equity,OLLI UQ Equity,PATH UN Equity
459,LYB UN Equity,LII UN Equity,AMBP UN Equity
460,ES UN Equity,ACHC UW Equity,NUE UN Equity
461,LYFT UW Equity,PATH UN Equity,CERT UW Equity
462,CNC UN Equity,AMBP UN Equity,STE UN Equity
463,CC UN Equity,NUE UN Equity,KR UN Equity
464,DAY UN Equity,CERT UW Equity,EQR UN Equity
465,OLLI UQ Equity,COO UN Equity,VAC UN Equity
466,LII UN Equity,STE UN Equity,TXN UW Equity
467,ACHC UW Equity,KR UN Equity,FCN UN Equity
468,AMBP UN Equity,EQR UN Equity,GTLB UW Equity
469,NUE UN Equity,VAC UN Equity,FITB UW Equity
470,CERT UW Equity,TXN UW Equity,PNW UN Equity
471,COO UN Equity,FCN UN Equity,UBER UN Equity
472,STE UN Equity,WRK UN Equity,WRK UN Equity
473,KR UN Equity,FITB UW Equity,AJG UN Equity
474,EQR UN Equity,PNW UN Equity,PSTG UN Equity
475,VAC UN Equity,UBER UN Equity,CMA UN Equity
476,TXN UW Equity,AJG UN Equity,RPRX UW Equity
477,FCN UN Equity,PSTG UN Equity,SWK UN Equity
478,WRK UN Equity,CMA UN Equity,OKTA UW Equity
479,FITB UW Equity,RPRX UW Equity,NEE UN Equity
480,PNW UN Equity,SWK UN Equity,K UN Equity
481,UBER UN Equity,OKTA UW Equity,VRTX UW Equity
482,AJG UN Equity,NEE UN Equity,PLNT UN Equity
483,PSTG UN Equity,K UN Equity,WEC UN Equity
484,CMA UN Equity,VRTX UW Equity,MAT UW Equity
485,RPRX UW Equity,PLNT UN Equity,ATR UN Equity
486,SWK UN Equity,WEC UN Equity,IDXX UW Equity
487,OKTA UW Equity,MAT UW Equity,CAG UN Equity
488,NEE UN Equity,ATR UN Equity,SPB UN Equity
489,K UN Equity,IDXX UW Equity,RYAN UN Equity
490,SC UN Equity,CAG UN Equity,WTFC UW Equity
491,VRTX UW Equity,SPB UN Equity,IVZ UN Equity
492,PLNT UN Equity,RYAN UN Equity,ENTG UW Equity
493,WEC UN Equity,WTFC UW Equity,GLOB UN Equity
494,GOCO UW Equity,IVZ UN Equity,MKC UN Equity
495,ATR UN Equity,ENTG UW Equity,RGA UN Equity
496,MAT UW Equity,GLOB UN Equity,LEN UN Equity
497,IDXX UW Equity,MKC UN Equity,GDDY UN Equity
498,CAG UN Equity,RGA UN Equity,LOW UN Equity
499,SPB UN Equity,LEN UN Equity,ULTA UW Equity
500,WTFC UW Equity,GDDY UN Equity,ALB UN Equity
501,IVZ UN Equity,LOW UN Equity,M UN Equity
502,ENTG UW Equity,ULTA UW Equity,ARES UN Equity
503,GLOB UN Equity,ALB UN Equity,J UN Equity
504,MKC UN Equity,M UN Equity,MKTX UW Equity
505,RGA UN Equity,ARES UN Equity,ANET UN Equity
506,LEN UN Equity,J UN Equity,STWD UN Equity
507,GDDY UN Equity,MKTX UW Equity,XPO UN Equity
508,LOW UN Equity,ANET UN Equity,DVA UN Equity
509,ULTA UW Equity,COHR UW Equity,HSIC UW Equity
510,ALB UN Equity,STWD UN Equity,WTW UW Equity
511,ARES UN Equity,XPO UN Equity,CUZ UN Equity
512,XPO UN Equity,DVA UN Equity,ESS UN Equity
513,MKTX UW Equity,HSIC UW Equity,HR UN Equity
514,ANET UN Equity,WTW UW Equity,EQT UN Equity
515,STWD UN Equity,RXO UN Equity,ROKU UW Equity
516,MCY UN Equity,EVVAQ UN Equity,UNH UN Equity
517,ZNGA UW Equity,CUZ UN Equity,BRKR UW Equity
518,DVA UN Equity,ESS UN Equity,ENOV UN Equity
519,HSIC UW Equity,HR UN Equity,IFF UN Equity
520,WTW UW Equity,EQT UN Equity,APD UN Equity
521,CUZ UN Equity,ROKU UW Equity,KKR UN Equity
522,ESS UN Equity,UNH UN Equity,GLW UN Equity
523,HR UN Equity,BRKR UW Equity,ED UN Equity
524,EQT UN Equity,ENOV UN Equity,EPR UN Equity
525,ROKU UW Equity,IFF UN Equity,BC UN Equity
526,UNH UN Equity,APD UN Equity,FICO UN Equity
527,BRKR UW Equity,KKR UN Equity,PAYX UW Equity
528,ENOV UN Equity,UMPQ UW Equity,NEU UN Equity
529,IFF UN Equity,GLW UN Equity,UHS UN Equity
530,APD UN Equity,ED UN Equity,BIIB UW Equity
531,KKR UN Equity,NVAX UW Equity,INGR UN Equity
532,UMPQ UW Equity,EPR UN Equity,KEYS UN Equity
533,GLW UN Equity,BC UN Equity,FCX UN Equity
534,TSPH UW Equity,FICO UN Equity,LSCC UW Equity
535,ED UN Equity,PAYX UW Equity,FTRE UW Equity
536,NVAX UW Equity,NEU UN Equity,MRTX US Equity
537,EPR UN Equity,UHS UN Equity,WDAY UW Equity
538,BC UN Equity,BIIB UW Equity,PINC UW Equity
539,VRMMQ UW Equity,OSH UN Equity,MTG UN Equity
540,FICO UN Equity,INGR UN Equity,DOV UN Equity
541,PAYX UW Equity,KEYS UN Equity,DOC UN Equity
542,NEU UN Equity,FCX UN Equity,GTES UN Equity
543,UHS UN Equity,HZNP UW Equity,BIRK UN Equity
544,BIIB UW Equity,LSCC UW Equity,X UN Equity
545,OSH UN Equity,WDAY UW Equity,DVN UN Equity
546,INGR UN Equity,PINC UW Equity,MMC UN Equity
547,KEYS UN Equity,MTG UN Equity,SBUX UW Equity
548,BFH UN Equity,ATUS UN Equity,SLB UN Equity
549,FCX UN Equity,DOV UN Equity,FSLR UW Equity
550,HZNP UW Equity,LESL UW Equity,SNPS UW Equity
551,WDAY UW Equity,DOC UN Equity,USFD UN Equity
552,PINC UW Equity,GTES UN Equity,EW UN Equity
553,MTG UN Equity,X UN Equity,MDLZ UW Equity
554,ATUS UN Equity,DVN UN Equity,CHPT UN Equity
555,DOV UN Equity,MMC UN Equity,MAN UN Equity
556,LESL UW Equity,SBUX UW Equity,DRVN UW Equity
557,DOC UN Equity,SLB UN Equity,GXO UN Equity
558,FL UN Equity,FSLR UW Equity,PK UN Equity
559,GTES UN Equity,SNPS UW Equity,FHN UN Equity
560,SLVM UN Equity,USFD UN Equity,DLB UN Equity
561,X UN Equity,EW UN Equity,EMR UN Equity
562,DVN UN Equity,MDLZ UW Equity,QS UN Equity
563,CLR UN Equity,CHPT UN Equity,JHG UN Equity
564,MMC UN Equity,MAN UN Equity,HOG UN Equity
565,SBUX UW Equity,DRVN UW Equity,TOST UN Equity
566,SLB UN Equity,GXO UN Equity,GOOG UW Equity
567,FSLR UW Equity,PK UN Equity,PYCR UW Equity
568,SNPS UW Equity,FHN UN Equity,SPLK UW Equity
569,USFD UN Equity,DLB UN Equity,ESI UN Equity
570,EW UN Equity,EMR UN Equity,VRSN UW Equity
571,MDLZ UW Equity,QS UN Equity,VTRS UW Equity
572,CHPT UN Equity,JHG UN Equity,ARMK UN Equity
573,MAN UN Equity,HOG UN Equity,WAL UN Equity
574,DRVN UW Equity,TOST UN Equity,DRI UN Equity
575,GXO UN Equity,GOOG UW Equity,HES UN Equity
576,PK UN Equity,PYCR UW Equity,A UN Equity
577,FHN UN Equity,SPLK UW Equity,UNP UN Equity
578,DLB UN Equity,ESI UN Equity,INFA UN Equity
579,EMR UN Equity,VRSN UW Equity,ZG UW Equity
580,QS UN Equity,VTRS UW Equity,WOLF UN Equity
581,JHG UN Equity,ARMK UN Equity,KRTX UQ Equity
582,HOG UN Equity,WAL UN Equity,BX UN Equity
583,GOOG UW Equity,DRI UN Equity,DNA UN Equity
584,PYCR UW Equity,HES UN Equity,TRV UN Equity
585,SPLK UW Equity,A UN Equity,PII UN Equity
586,ESI UN Equity,UNP UN Equity,UTHR UW Equity
587,VRSN UW Equity,INFA UN Equity,CLVT UN Equity
588,VTRS UW Equity,ZG UW Equity,9991429D UN Equity
589,ARMK UN Equity,WOLF UN Equity,BWXT UN Equity
590,WAL UN Equity,BX UN Equity,TECH UW Equity
591,DRI UN Equity,DNA UN Equity,FDX UN Equity
592,HES UN Equity,CPA UN Equity,ESTC UN Equity
593,A UN Equity,TRV UN Equity,TAP UN Equity
594,UNP UN Equity,PII UN Equity,FAST UW Equity
595,INFA UN Equity,UTHR UW Equity,TTC UN Equity
596,CHNG UW Equity,CLVT UN Equity,TDG UN Equity
597,WOLF UN Equity,DH UW Equity,KO UN Equity
598,ZG UW Equity,9991429D UN Equity,USB UN Equity
599,BX UN Equity,BWXT UN Equity,CARR UN Equity
600,CPA UN Equity,TECH UW Equity,ROIV UW Equity
601,TRV UN Equity,FDX UN Equity,MOS UN Equity
602,PII UN Equity,ESTC UN Equity,VSAT UW Equity
603,UTHR UW Equity,TAP UN Equity,9982165D UN Equity
604,CLVT UN Equity,FAST UW Equity,ITT UN Equity
605,DH UW Equity,TTC UN Equity,OGN UN Equity
606,9991429D UN Equity,TDG UN Equity,NCLH UN Equity
607,BWXT UN Equity,KO UN Equity,BERY UN Equity
608,TECH UW Equity,USB UN Equity,GFS UW Equity
609,FDX UN Equity,CARR UN Equity,TER UW Equity
610,ESTC UN Equity,MOS UN Equity,PXD UN Equity
611,TAP UN Equity,VSAT UW Equity,LPLA UW Equity
612,FAST UW Equity,ITT UN Equity,HST UW Equity
613,TTC UN Equity,OGN UN Equity,BAH UN Equity
614,TDG UN Equity,NCLH UN Equity,AOS UN Equity
615,KO UN Equity,BERY UN Equity,CXT UN Equity
616,USB UN Equity,GFS UW Equity,NYT UN Equity
617,CARR UN Equity,TER UW Equity,CTVA UN Equity
618,MOS UN Equity,FRCB UN Equity,THC UN Equity
619,VSAT UW Equity,PXD UN Equity,BPOP UW Equity
620,ITT UN Equity,LPLA UW Equity,SNDR UN Equity
621,OGN UN Equity,HST UW Equity,IBM UN Equity
622,NCLH UN Equity,BAH UN Equity,ETN UN Equity
623,BERY UN Equity,AOS UN Equity,GGG UN Equity
624,GFS UW Equity,CXT UN Equity,INCY UW Equity
625,TER UW Equity,NYT UN Equity,SLM UW Equity
626,FRCB UN Equity,CTVA UN Equity,TXG UW Equity
627,AI UN Equity,THC UN Equity,RMD UN Equity
628,PXD UN Equity,BPOP UW Equity,WBA UW Equity
629,LPLA UW Equity,SNDR UN Equity,PPC UW Equity
630,HST UW Equity,IBM UN Equity,DT UN Equity
631,BAH UN Equity,ETN UN Equity,GLPI UW Equity
632,AOS UN Equity,GGG UN Equity,KHC UW Equity
633,NYT UN Equity,INCY UW Equity,VLO UN Equity
634,CTVA UN Equity,SLM UW Equity,NRG UN Equity
635,9992039D UW Equity,TXG UW Equity,BRX UN Equity
636,BPOP UW Equity,RMD UN Equity,CCL UN Equity
637,SNDR UN Equity,WBA UW Equity,W UN Equity
638,IBM UN Equity,PPC UW Equity,CNM UN Equity
639,ETN UN Equity,DT UN Equity,INSP UN Equity
640,GGG UN Equity,GLPI UW Equity,BRO UN Equity
641,INCY UW Equity,SBNY UW Equity,LKQ UW Equity
642,SLM UW Equity,KHC UW Equity,PINS UN Equity
643,TXG UW Equity,VLO UN Equity,NSA UN Equity
644,RMD UN Equity,NRG UN Equity,CME UW Equity
645,WBA UW Equity,BRX UN Equity,BSX UN Equity
646,PPC UW Equity,CCL UN Equity,EVRG UW Equity
647,DT UN Equity,W UN Equity,LBRDA UW Equity
648,GLPI UW Equity,CNM UN Equity,SPOT UN Equity
649,SBNY UW Equity,STOR UN Equity,UHAL/B UN Equity
650,KHC UW Equity,BRO UN Equity,COF UN Equity
651,FLNC UW Equity,LKQ UW Equity,MDT UN Equity
652,VLO UN Equity,PINS UN Equity,XRAY UW Equity
653,NRG UN Equity,NSA UN Equity,GEHC UW Equity
654,BRX UN Equity,CME UW Equity,BK UN Equity
655,CCL UN Equity,BSX UN Equity,AZPN UW Equity
656,W UN Equity,EVRG UW Equity,EA UW Equity
657,CNM UN Equity,LBRDA UW Equity,WCC UN Equity
658,STOR UN Equity,SPOT UN Equity,CUBE UN Equity
659,BRO UN Equity,UHAL/B UN Equity,CR UN Equity
660,LKQ UW Equity,COF UN Equity,MSA UN Equity
661,PINS UN Equity,MDT UN Equity,SWN UN Equity
662,SABR UW Equity,XRAY UW Equity,CWEN/A UN Equity
663,CME UW Equity,BK UN Equity,BAX UN Equity
664,BSX UN Equity,AZPN UW Equity,FIS UN Equity
665,SPOT UN Equity,EA UW Equity,MAR UW Equity
666,LBRDA UW Equity,WCC UN Equity,CBRE UN Equity
667,PSFE UN Equity,CUBE UN Equity,NET UN Equity
668,COF UN Equity,MSA UN Equity,CEG UW Equity
669,MDT UN Equity,SWN UN Equity,SAIC UN Equity
670,XRAY UW Equity,GH UW Equity,FR UN Equity
671,BK UN Equity,BAX UN Equity,EXEL UW Equity
672,EA UW Equity,FIS UN Equity,MRVL UW Equity
673,CUBE UN Equity,MAR UW Equity,BMRN UW Equity
674,MSA UN Equity,CBRE UN Equity,DUK UN Equity
675,GH UW Equity,NET UN Equity,DV UN Equity
676,BAX UN Equity,CEG UW Equity,MSCI UN Equity
677,FIS UN Equity,SAIC UN Equity,DD UN Equity
678,MAR UW Equity,FR UN Equity,FRT UN Equity
679,CBRE UN Equity,EXEL UW Equity,AIG UN Equity
680,NET UN Equity,MRVL UW Equity,FTI UN Equity
681,SAIC UN Equity,BMRN UW Equity,ICE UN Equity
682,FR UN Equity,DUK UN Equity,LITE UW Equity
683,EXEL UW Equity,DV UN Equity,INTC UW Equity
684,MRVL UW Equity,MSCI UN Equity,SRPT UW Equity
685,BMRN UW Equity,DD UN Equity,QGENN S2 Equity
686,DUK UN Equity,FRT UN Equity,TTWO UW Equity
687,DV UN Equity,AIG UN Equity,CART UW Equity
688,MSCI UN Equity,ICE UN Equity,HRB UN Equity
689,DD UN Equity,LITE UW Equity,PKG UN Equity
690,BYND UW Equity,INTC UW Equity,AMP UN Equity
691,FRT UN Equity,SRPT UW Equity,PVH UN Equity
692,AIG UN Equity,TTWO UW Equity,DE UN Equity
693,ICE UN Equity,HRB UN Equity,HCP UW Equity
694,LITE UW Equity,PKG UN Equity,RUN UW Equity
695,INTC UW Equity,AMP UN Equity,G UN Equity
696,SRPT UW Equity,PVH UN Equity,RH UN Equity
697,TTWO UW Equity,DE UN Equity,VOYA UN Equity
698,ACC UN Equity,RUN UW Equity,ACN UN Equity
699,HRB UN Equity,G UN Equity,INTU UW Equity
700,PKG UN Equity,RH UN Equity,TKO UN Equity
701,AMP UN Equity,COUP UW Equity,CRL UN Equity
702,PVH UN Equity,ACN UN Equity,FNF UN Equity
703,DE UN Equity,VOYA UN Equity,R UN Equity
704,RUN UW Equity,INTU UW Equity,CW UN Equity
705,DRE UN Equity,TKO UN Equity,WEX UN Equity
706,G UN Equity,CRL UN Equity,Z UW Equity
707,CDK UW Equity,FNF UN Equity,WRB UN Equity
708,RH UN Equity,R UN Equity,LAMR UW Equity
709,COUP UW Equity,CW UN Equity,MSGS UN Equity
710,ACN UN Equity,WEX UN Equity,PODD UW Equity
711,VOYA UN Equity,Z UW Equity,PG UN Equity
712,INTU UW Equity,WRB UN Equity,RGLD UW Equity
713,TKO UN Equity,LAMR UW Equity,UAA UN Equity
714,CRL UN Equity,MSGS UN Equity,GE UN Equity
715,FNF UN Equity,PODD UW Equity,CF UN Equity
716,R UN Equity,PG UN Equity,MPC UN Equity
717,CW UN Equity,RGLD UW Equity,RF UN Equity
718,WEX UN Equity,UAA UN Equity,LLYVK UW Equity
719,Z UW Equity,GE UN Equity,SMAR UN Equity
720,WRB UN Equity,CF UN Equity,STT UN Equity
721,LAMR UW Equity,MPC UN Equity,SAM UN Equity
722,MSGS UN Equity,RF UN Equity,BLD UN Equity
723,PLAN UN Equity,SMAR UN Equity,CROX UW Equity
724,PG UN Equity,STT UN Equity,KMPR UN Equity
725,PODD UW Equity,MRTX UW Equity,CASY UW Equity
726,RGLD UW Equity,SAM UN Equity,EQIX UW Equity
727,UAA UN Equity,BLD UN Equity,JEF UN Equity
728,GE UN Equity,KMPR UN Equity,WING UW Equity
729,CF UN Equity,FI UW Equity,PANW UW Equity
730,MPC UN Equity,CASY UW Equity,THO UN Equity
731,RF UN Equity,EQIX UW Equity,BWA UN Equity
732,SMAR UN Equity,JEF UN Equity,CIEN UN Equity
733,STT UN Equity,PANW UW Equity,TMUS UW Equity
734,MRTX UW Equity,THO UN Equity,ADI UW Equity
735,SKLZ UN Equity,BWA UN Equity,CTSH UW Equity
736,SAM UN Equity,CIEN UN Equity,NWL UW Equity
737,BLD UN Equity,TMUS UW Equity,VMC UN Equity
738,UHAL UW Equity,ADI UW Equity,CFR UN Equity
739,KMPR UN Equity,CTSH UW Equity,WTM UN Equity
740,2150994D UW Equity,NWL UW Equity,XYL UN Equity
741,FI UW Equity,VMC UN Equity,AZTA UW Equity
742,XRX UW Equity,DELL UN Equity,APA UW Equity
743,CASY UW Equity,SLG UN Equity,ABNB UW Equity
744,EQIX UW Equity,CFR UN Equity,NFLX UW Equity
745,JEF UN Equity,WTM UN Equity,AWK UN Equity
746,PANW UW Equity,XYL UN Equity,PEG UN Equity
747,THO UN Equity,AZTA UW Equity,AFL UN Equity
748,BWA UN Equity,APA UW Equity,GL UN Equity
749,CIEN UN Equity,ABNB UW Equity,MPWR UW Equity
750,TMUS UW Equity,NFLX UW Equity,SBAC UW Equity
751,ADI UW Equity,AWK UN Equity,UDR UN Equity
752,CTSH UW Equity,PEG UN Equity,VEEV UN Equity
753,NWL UW Equity,AFL UN Equity,LULU UW Equity
754,ABMD UW Equity,GL UN Equity,NOW UN Equity
755,DELL UN Equity,MPWR UW Equity,VNO UN Equity
756,SLG UN Equity,SBAC UW Equity,LHX UN Equity
757,CFR UN Equity,UDR UN Equity,CVS UN Equity
758,VMC UN Equity,VEEV UN Equity,PFE UN Equity
759,WTM UN Equity,LULU UW Equity,SPG UN Equity
760,XYL UN Equity,NOW UN Equity,FRPT UQ Equity
761,AZTA UW Equity,VNO UN Equity,SEIC UW Equity
762,APA UW Equity,LHX UN Equity,SRCL UW Equity
763,SAGE UQ Equity,CVS UN Equity,F UN Equity
764,NFLX UW Equity,PFE UN Equity,HCA UN Equity
765,AWK UN Equity,SPG UN Equity,TW UW Equity
766,PEG UN Equity,FRPT UQ Equity,KLG UN Equity
767,AFL UN Equity,SEIC UW Equity,MTZ UN Equity
768,GL UN Equity,SRCL UW Equity,ADC UN Equity
769,MPWR UW Equity,F UN Equity,PAYC UN Equity
770,SBAC UW Equity,HCA UN Equity,XOM UN Equity
771,UDR UN Equity,TW UW Equity,OLN UN Equity
772,VEEV UN Equity,MTZ UN Equity,SHW UN Equity
773,LULU UW Equity,WIX UW Equity,BIO UN Equity
774,NOW UN Equity,PAYC UN Equity,WWD UW Equity
775,VNO UN Equity,XOM UN Equity,BURL UN Equity
776,LHX UN Equity,OLN UN Equity,IT UN Equity
777,CVS UN Equity,SHW UN Equity,MASI UW Equity
778,PFE UN Equity,BIO UN Equity,PB UN Equity
779,SHLS UQ Equity,WWD UW Equity,PEGA UW Equity
780,HFC UN Equity,BURL UN Equity,AMCR UN Equity
781,FRPT UQ Equity,IT UN Equity,ECL UN Equity
782,SEIC UW Equity,MASI UW Equity,SCI UN Equity
783,SPG UN Equity,PB UN Equity,CLX UN Equity
784,F UN Equity,PEGA UW Equity,APP UW Equity
785,SRCL UW Equity,AMCR UN Equity,GO UW Equity
786,HCA UN Equity,ECL UN Equity,TPR UN Equity
787,TW UW Equity,SCI UN Equity,NVR UN Equity
788,MTZ UN Equity,ROP UN Equity,DTM UN Equity
789,WIX UW Equity,CLX UN Equity,CFG UN Equity
790,PAYC UN Equity,APP UW Equity,TNL UN Equity
791,XOM UN Equity,GO UW Equity,PSX UN Equity
792,OLN UN Equity,TPR UN Equity,NATL UN Equity
793,SHW UN Equity,NVR UN Equity,JBL UN Equity
794,BIO UN Equity,DTM UN Equity,SRE UN Equity
795,WWD UW Equity,CFG UN Equity,FMC UN Equity
796,BURL UN Equity,VMW UN Equity,HUN UN Equity
797,IT UN Equity,TNL UN Equity,LW UN Equity
798,LYLTQ UW Equity,HPP UN Equity,ELAN UN Equity
799,MASI UW Equity,PSX UN Equity,PFGC UN Equity
800,PB UN Equity,JBL UN Equity,PH UN Equity
801,PEGA UW Equity,SRE UN Equity,TDY UN Equity
802,AMCR UN Equity,FMC UN Equity,WSC UR Equity
803,ECL UN Equity,HUN UN Equity,NTRA UW Equity
804,SCI UN Equity,LW UN Equity,SSRM UW Equity
805,ROP UN Equity,ELAN UN Equity,AMAT UW Equity
806,CLX UN Equity,PFGC UN Equity,AMZN UW Equity
807,GO UW Equity,PH UN Equity,EXAS UR Equity
808,TPR UN Equity,TDY UN Equity,BOKF UW Equity
809,NVR UN Equity,WSC UR Equity,YETI UN Equity
810,DTM UN Equity,NTRA UW Equity,EXPE UW Equity
811,CFG UN Equity,SSRM UW Equity,AMH UN Equity
812,VMW UN Equity,AMAT UW Equity,HSY UN Equity
813,TNL UN Equity,AMZN UW Equity,ZM UW Equity
814,HPP UN Equity,EXAS UR Equity,LUV UN Equity
815,PSX UN Equity,BOKF UW Equity,NDAQ UW Equity
816,JBL UN Equity,YETI UN Equity,FTV UN Equity
817,SRE UN Equity,EXPE UW Equity,IR UN Equity
818,FMC UN Equity,AMH UN Equity,VLTO UN Equity
819,HUN UN Equity,HSY UN Equity,GNRC UN Equity
820,LW UN Equity,ZM UW Equity,CCK UN Equity
821,ELAN UN Equity,LUV UN Equity,PLTK UW Equity
822,PH UN Equity,NDAQ UW Equity,BHF UW Equity
823,TDY UN Equity,DISH UW Equity,NDSN UW Equity
824,NTRA UW Equity,FTV UN Equity,AGNC UW Equity
825,AMAT UW Equity,IR UN Equity,MPW UN Equity
826,AMZN UW Equity,GNRC UN Equity,FLG UN Equity
827,EXAS UR Equity,CCK UN Equity,OMF UN Equity
828,BOKF UW Equity,EHAB UN Equity,FI UN Equity
829,CONE UW Equity,PLTK UW Equity,MAS UN Equity
830,SLGN UW Equity,BHF UW Equity,AN UN Equity
831,YETI UN Equity,NDSN UW Equity,SGI UN Equity
832,EXPE UW Equity,AGNC UW Equity,RTX UN Equity
833,AMH UN Equity,MPW UN Equity,PPG UN Equity
834,HSY UN Equity,FLG UN Equity,SCCO UN Equity
835,ZM UW Equity,OMF UN Equity,ZS UW Equity
836,LUV UN Equity,MAS UN Equity,CSL UN Equity
837,NDAQ UW Equity,AN UN Equity,EME UN Equity
838,DISH UW Equity,SGI UN Equity,ROK UN Equity
839,FTV UN Equity,RTX UN Equity,ETR UN Equity
840,ONL UN Equity,PPG UN Equity,AGO UN Equity
841,IR UN Equity,SCCO UN Equity,AVY UN Equity
842,GNRC UN Equity,ZS UW Equity,BFAM UN Equity
843,CCK UN Equity,CSL UN Equity,CHRW UW Equity
844,PLTK UW Equity,ROK UN Equity,CPAY UN Equity
845,BHF UW Equity,ETR UN Equity,RCL UN Equity
846,NDSN UW Equity,AGO UN Equity,AGR UN Equity
847,AGNC UW Equity,AVY UN Equity,IRDM UW Equity
848,DSEY UW Equity,BFAM UN Equity,PLUG UR Equity
849,FLG UN Equity,CHRW UW Equity,MKSI UW Equity
850,MPW UN Equity,CPAY UN Equity,CI UN Equity
851,OMF UN Equity,RCL UN Equity,SWAV UW Equity
852,MAS UN Equity,AGR UN Equity,SITE UN Equity
853,AN UN Equity,UNVR UN Equity,SOFI UW Equity
854,SGI UN Equity,PLUG UR Equity,VVV UN Equity
855,RTX UN Equity,MKSI UW Equity,GPN UN Equity
856,PPG UN Equity,CI UN Equity,IRM UN Equity
857,SCCO UN Equity,SITE UN Equity,AEE UN Equity
858,ZS UW Equity,SOFI UW Equity,HLI UN Equity
859,CSL UN Equity,VVV UN Equity,CAT UN Equity
860,ROK UN Equity,GPN UN Equity,TDOC UN Equity
861,ETR UN Equity,IRM UN Equity,TSLA UW Equity
862,AGO UN Equity,AEE UN Equity,PHM UN Equity
863,AVY UN Equity,CAT UN Equity,ICUI UW Equity
864,BFAM UN Equity,TDOC UN Equity,OWL UN Equity
865,CHRW UW Equity,TSLA UW Equity,APH UN Equity
866,CPAY UN Equity,PHM UN Equity,PAG UN Equity
867,RCL UN Equity,ICUI UW Equity,SJM UN Equity
868,AGR UN Equity,OWL UN Equity,MS UN Equity
869,UNVR UN Equity,APH UN Equity,ALL UN Equity
870,PLUG UR Equity,PAG UN Equity,DFS UN Equity
871,VMEO UW Equity,SJM UN Equity,AXS UN Equity
872,MKSI UW Equity,MS UN Equity,HD UN Equity
873,CI UN Equity,ALL UN Equity,SPGI UN Equity
874,SITE UN Equity,DFS UN Equity,HIG UN Equity
875,TMX UN Equity,AXS UN Equity,ACM UN Equity
876,VVV UN Equity,HD UN Equity,HPQ UN Equity
877,GPN UN Equity,SPGI UN Equity,LSXMA UW Equity
878,IRM UN Equity,OPEN UW Equity,RVTY UN Equity
879,AEE UN Equity,HIG UN Equity,T UN Equity
880,CAT UN Equity,ACM UN Equity,TXT UN Equity
881,TDOC UN Equity,HPQ UN Equity,MSI UN Equity
882,TSLA UW Equity,RVTY UN Equity,AMD UW Equity
883,PHM UN Equity,T UN Equity,SWKS UW Equity
884,ICUI UW Equity,UPST UW Equity,CWEN UN Equity
885,APH UN Equity,TXT UN Equity,GILD UW Equity
886,PAG UN Equity,MSI UN Equity,EXR UN Equity
887,SJM UN Equity,AMD UW Equity,ARW UN Equity
888,MS UN Equity,SWKS UW Equity,VNT UN Equity
889,ALL UN Equity,GILD UW Equity,ALLY UN Equity
890,DFS UN Equity,EXR UN Equity,COO UW Equity
891,AXS UN Equity,ARW UN Equity,GM UN Equity
892,HD UN Equity,VNT UN Equity,WAT UN Equity
893,SPGI UN Equity,ALLY UN Equity,SRC US Equity
894,OPEN UW Equity,GM UN Equity,BAC UN Equity
895,HIG UN Equity,WAT UN Equity,WFC UN Equity
896,ACM UN Equity,MBC UN Equity,CAVA UN Equity
897,HPQ UN Equity,WFC UN Equity,CRI UN Equity
898,RVTY UN Equity,BAC UN Equity,GEN UW Equity
899,T UN Equity,CRI UN Equity,MIDD UW Equity
900,UPST UW Equity,MIDD UW Equity,GD UN Equity
901,TXT UN Equity,GEN UW Equity,NI UN Equity
902,MSI UN Equity,NKE UN Equity,NKE UN Equity
903,AMD UW Equity,GD UN Equity,XYZ UN Equity
904,SWKS UW Equity,NI UN Equity,AAL UW Equity
905,GILD UW Equity,SRC UN Equity,CAH UN Equity
906,EXR UN Equity,XYZ UN Equity,CCCS UW Equity
907,ARW UN Equity,AAL UW Equity,LSTR UW Equity
908,VNT UN Equity,CAH UN Equity,HPE UN Equity
909,ALLY UN Equity,CCCS UW Equity,NOV UN Equity
910,GM UN Equity,LSTR UW Equity,PENN UW Equity
911,WAT UN Equity,HPE UN Equity,HEI/A UN Equity
912,2499073D UN Equity,NOV UN Equity,BF/A UN Equity
913,WFC UN Equity,PENN UW Equity,WU UN Equity
914,BAC UN Equity,HEI/A UN Equity,CDW UW Equity
915,CRI UN Equity,BF/A UN Equity,LOPE UW Equity
916,MIDD UW Equity,WU UN Equity,PTC UW Equity
917,GEN UW Equity,CDW UW Equity,WEN UW Equity
918,NKE UN Equity,LOPE UW Equity,UHAL UN Equity
919,GD UN Equity,PTC UW Equity,HOOD UW Equity
920,NI UN Equity,WEN UW Equity,NFG UN Equity
921,SRC UN Equity,UHAL UN Equity,OGE UN Equity
922,XYZ UN Equity,HOOD UW Equity,PHIN UN Equity
923,AAL UW Equity,NFG UN Equity,PRU UN Equity
924,CAH UN Equity,2297267D UW Equity,BA UN Equity
925,LSTR UW Equity,OGE UN Equity,CPRT UW Equity
926,NOV UN Equity,PRU UN Equity,MRCY UW Equity
927,HPE UN Equity,BA UN Equity,ALNY UW Equity
928,PENN UW Equity,CPRT UW Equity,NSC UN Equity
929,HEI/A UN Equity,MRCY UW Equity,TFX UN Equity
930,BF/A UN Equity,ALNY UW Equity,9903115D UN Equity
931,NXPI UW Equity,NSC UN Equity,PNR UN Equity
932,WU UN Equity,TFX UN Equity,VSCO UN Equity
933,CDW UW Equity,9903115D UN Equity,MA UN Equity
934,LOPE UW Equity,PNR UN Equity,BF/B UN Equity
935,PTC UW Equity,VSCO UN Equity,SUI UN Equity
936,WEN UW Equity,MA UN Equity,MDU UN Equity
937,NFG UN Equity,BF/B UN Equity,REG UW Equity
938,2297267D UW Equity,SUI UN Equity,AKAM UW Equity
939,OGE UN Equity,MDU UN Equity,EGP UN Equity
940,PRU UN Equity,REG UW Equity,TRGP UN Equity
941,BA UN Equity,AKAM UW Equity,IBKR UW Equity
942,CPRT UW Equity,EGP UN Equity,AMG UN Equity
943,MRCY UW Equity,TRGP UN Equity,LPX UN Equity
944,ALNY UW Equity,IBKR UW Equity,SON UN Equity
945,NSC UN Equity,AMG UN Equity,TPG UW Equity
946,PBCT UW Equity,LPX UN Equity,COLB UW Equity
947,9903115D UN Equity,SON UN Equity,AWI UN Equity
948,TFX UN Equity,AWI UN Equity,SYY UN Equity
949,NLSN UN Equity,SYY UN Equity,MLM UN Equity
950,PNR UN Equity,MLM UN Equity,IDA UN Equity
951,VSCO UN Equity,IDA UN Equity,WTRG UN Equity
952,MA UN Equity,WTRG UN Equity,PGR UN Equity
953,BF/B UN Equity,EXPD UW Equity,ELS UN Equity
954,SUI UN Equity,PGR UN Equity,KBR UN Equity
955,MDU UN Equity,ELS UN Equity,PYPL UW Equity
956,REG UW Equity,KBR UN Equity,ACGL UW Equity
957,AKAM UW Equity,PYPL UW Equity,FDS UN Equity
958,CERN UW Equity,ACGL UW Equity,SLGN UN Equity
959,TRGP UN Equity,FDS UN Equity,PRGO UN Equity
960,IBKR UW Equity,SLGN UN Equity,CGNX UW Equity
961,AMG UN Equity,PRGO UN Equity,CVX UN Equity
962,LPX UN Equity,CGNX UW Equity,AZEK UN Equity
963,SON UN Equity,CVX UN Equity,ALK UN Equity
964,AWI UN Equity,AZEK UN Equity,DIS UN Equity
965,SYY UN Equity,ALK UN Equity,DAL UN Equity
966,FIGS UN Equity,DIS UN Equity,HRL UN Equity
967,MLM UN Equity,DAL UN Equity,LLY UN Equity
968,IDA UN Equity,HRL UN Equity,NU UN Equity
969,WTRG UN Equity,LLY UN Equity,DECK UN Equity
970,EXPD UW Equity,PPL UN Equity,PPL UN Equity
971,PGR UN Equity,DECK UN Equity,RIVN UW Equity
972,ELS UN Equity,RIVN UW Equity,KMI UN Equity
973,PYPL UW Equity,TRMB UW Equity,TRMB UW Equity
974,ACGL UW Equity,KMI UN Equity,ADT UN Equity
975,FDS UN Equity,TTD UQ Equity,TTD UQ Equity
976,PRGO UN Equity,ADT UN Equity,GS UN Equity
977,CGNX UW Equity,VICI UN Equity,MANH UW Equity
978,CVX UN Equity,GS UN Equity,GME UN Equity
979,AZEK UN Equity,MANH UW Equity,ZBRA UW Equity
980,ALK UN Equity,GME UN Equity,MO UN Equity
981,DIS UN Equity,ZBRA UW Equity,BXP UN Equity
982,DAL UN Equity,MO UN Equity,CSX UW Equity
983,HRL UN Equity,BXP UN Equity,ISRG UW Equity
984,LLY UN Equity,CSX UW Equity,URI UN Equity
985,PPL UN Equity,ISRG UW Equity,RBA UN Equity
986,DECK UN Equity,URI UN Equity,STZ UN Equity
987,RIVN UW Equity,DASH UN Equity,WMB UN Equity
988,TRMB UW Equity,STZ UN Equity,XP UW Equity
989,KMI UN Equity,WMB UN Equity,AZO UN Equity
990,TTD UQ Equity,JAMF UW Equity,SF UN Equity
991,ADT UN Equity,AZO UN Equity,CPNG UN Equity
992,VICI UN Equity,SF UN Equity,SYF UN Equity
993,GS UN Equity,SYF UN Equity,FLO UN Equity
994,MANH UW Equity,FLO UN Equity,CMCSA UW Equity
995,HAIN UW Equity,CMCSA UW Equity,EXE UW Equity
996,GME UN Equity,EXE UW Equity,AXP UN Equity
997,CTXS UW Equity,AXP UN Equity,PLTR UN Equity
998,ZBRA UW Equity,PLTR UN Equity,BBY UN Equity
999,AVLR UN Equity,BBY UN Equity,EIX UN Equity
1000,BXP UN Equity,EIX UN Equity,LYV UN Equity
1001,CSX UW Equity,LYV UN Equity,KLAC UW Equity
1002,MO UN Equity,KLAC UW Equity,TKR UN Equity
1003,ISRG UW Equity,TKR UN Equity,ORCL UN Equity
1004,URI UN Equity,ORCL UN Equity,OMC UN Equity
1005,DASH UN Equity,OMC UN Equity,WOOF UW Equity
1006,STZ UN Equity,WOOF UW Equity,UAL UW Equity
1007,WMB UN Equity,UAL UW Equity,9210611D UW Equity
1008,JAMF UW Equity,9210611D UW Equity,DHR UN Equity
1009,AZO UN Equity,DHR UN Equity,
1010,SF UN Equity,,
1011,SYF UN Equity,,
1012,DISCA UW Equity,,
1013,FLO UN Equity,,
1014,CMCSA UW Equity,,
1015,SWI UN Equity,,
1016,AXP UN Equity,,
1017,PLTR UN Equity,,
1018,BBY UN Equity,,
1019,EIX UN Equity,,
1020,LYV UN Equity,,
1021,KLAC UW Equity,,
1022,TKR UN Equity,,
1023,ORCL UN Equity,,
1024,DISCK UW Equity,,
1025,OMC UN Equity,,
1026,WOOF UW Equity,,
1027,UAL UW Equity,,
1028,9210611D UW Equity,,
1029,DHR UN Equity,,
